{
    "name": "Sofle",
    "vendorId": "0xFC32",
    "productId": "0x0287",
    "lighting": "vial",
    "matrix": { "rows": 5, "cols": 12 },
    "layouts": {
        "keymap": [
            [
                { "y": -0.5 },
                "0,0",
                "0,1",
                "0,2",
                "0,3",
                "0,4",
                "0,5",
                { "x": 4.5 },
                "0,6",
                "0,7",
                "0,8",
                "0,9",
                "0,10",
                "0,11"
            ],
            [
                "1,0",
                "1,1",
                "1,2",
                "1,3",
                "1,4",
                "1,5",
                { "x": 4.5 },
                "1,6",
                "1,7",
                "1,8",
                "1,9",
                "1,10",
                "1,11"
            ],
            [
                "2,0",
                "2,1",
                "2,2",
                "2,3",
                "2,4",
                "2,5",
                { "x": 4.5 },
                "2,6",
                "2,7",
                "2,8",
                "2,9",
                "2,10",
                "2,11"
            ],
            [
                { "y": 0.25 },
                "3,0",
                "3,1",
                "3,2",
                "3,3",
                "3,4",
                { "x": 0.25 },
                "3,5",
                { "x": 3.75 },
                "3,6",
                { "x": 0.25 },
                "3,7",
                "3,8",
                "3,9",
                "3,10",
                "3,11"
            ],
            [
                { "x": 2.25 },
                "4,2",
                "4,3",
                "4,4",
                { "x": 5.25 },
                "4,5",
                "4,6",
                "4,7"
            ]
        ]
    }
}
